{
  "name": "wfrp-gwmwg",
  "title": "WFRP - Gerwin Waffenhalter’s Magnificent Weapons Gallery",
  "description": "Adds new weapons and weapon traits from the Ratter Vol. 1 Issue 2. Requires the WFRP 4e system.",
  "version": "1.1.0",
  "minimumCoreVersion": "0.5.0",
  "author": "Michael Sebelski [DasSauerkraut#3215], WFRP 4e System by Moo Man",
  "url": "https://github.com/DasSauerkraut/wfrp-gwmwg",
  "manifest": "https://raw.githubusercontent.com/DasSauerkraut/wfrp-gwmwg/master/module.json",
  "download": "https://github.com/DasSauerkraut/wfrp-gwmwg/raw/master/package/wfrp-gwmwg-v1.1.0.zip",
  "scripts": [ "wfrp-gwmwg.js"],
  "styles": [ "./css/gwmwg-style.css" ],
  "packs": [
    {
      "name": "gwmwg",
      "label": "GWMWG - Expanded Weapons",
      "path": "packs/exweapons.db",
      "entity": "Item",
      "module": "wfrp-gwmwg",
      "package": "wfrp-gwmwg"
    }
  ]
}
