{
  "name": "wfrp-gwmwg",
  "title": "WFRP - Gerwin Waffenhalter’s Magnificent Weapons Gallery.",
  "description": "Adds new weapons and weapon traits from the Ratter Vol. 1 Issue 2. Requires the WFRP 4e system.",
  "version": "0.0.1",
  "minimumCoreVersion": "0.5.0",
  "author": "Michael Sebelski [DasSauerkraut#3215], WFRP 4e System by Moo Man",
  "url": "",
  "manifest": "",
  "download": "",
  "scripts": [ "wfrp-gwmwg.js"],
  "styles": [ "./css/gwmwg-style.css" ],
  "packs": [
    {
      "name": "gwmwg",
      "label": "GWMWG - Expanded Weapons",
      "path": "packs/exweapons.db",
      "entity": "Item",
      "module": "wfrp-gwmwg",
      "package": "wfrp-gwmwg"
    }
  ]
}
